<?xml version="1.0" encoding="UTF-8"?>
<beans xmlns="http://www.springframework.org/schema/beans"
	xmlns:xsi="http://www.w3.org/2001/XMLSchema-instance"
	xmlns:context="http://www.springframework.org/schema/context"
	xmlns:util="http://www.springframework.org/schema/util"
	xsi:schemaLocation="http://www.springframework.org/schema/beans http://www.springframework.org/schema/beans/spring-beans.xsd
		http://www.springframework.org/schema/context http://www.springframework.org/schema/context/spring-context-3.1.xsd
		http://www.springframework.org/schema/util http://www.springframework.org/schema/util/spring-util-3.1.xsd">
	
	<!-- Root Context: defines shared resources visible to all other web components -->
	<context:component-scan base-package="com.jy.announcement" />
	
	<bean destroy-method="close" class="org.apache.commons.dbcp.BasicDataSource" id="dataSource">
		<property value="com.mysql.jdbc.Driver" name="driverClassName" />
		<property value="jdbc:mysql://localhost:3306/jy_db" name="url" />
		<property value="root" name="username" />
		<property value="1234" name="password" />
	</bean>
	
	<bean class="org.springframework.jdbc.datasource.DataSourceTransactionManager" id="transactionManager">
		<property name="dataSource" ref="dataSource" />
	</bean>
	<bean class="org.mybatis.spring.SqlSessionFactoryBean" id="sqlSessionFactory">
		<property name="dataSource" ref="dataSource" />
		<property name="typeAliasesPackage" value="com.jy.announcement.dao" />
		<property name="mapperLocations" value="classpath:mapper/*.xml" />
	</bean>
	<bean class="org.mybatis.spring.SqlSessionTemplate" id="sqlSession">
		<constructor-arg name="sqlSessionFactory" ref="sqlSessionFactory" />
	</bean>
		
</beans>
