<?xml version="1.0" encoding="UTF-8"?>
<!DOCTYPE mapper PUBLIC "-//mybatis.org//DTD Mapper 3.0//EN"
    "http://mybatis.org/dtd/mybatis-3-mapper.dtd">
<mapper namespace="com.jy.announcement">
    
    <resultMap type="com.jy.announcement.domain.Contents" id="contentsMap">
    <result property="id"					column="id"					/>
    <result property="regDate"				column="reg_date"			/>
    <result property="modiDate"				column="modi_date"			/>
    <result property="contName"				column="cont_name"			/>
    <result property="writer"				column="writer"				/>
    <result property="content"				column="content"			/>
    <result property="hit"					column="hit"				/>
    </resultMap>
    
    <select id="getContent" parameterType="com.jy.announcement.domain.Contents" resultType="com.jy.announcement.domain.Contents" resultMap="contentsMap">
        SELECT	id
        	,	modi_date
        	,	cont_name
        	,	hit
        	,	content
        FROM	contents
        WHERE	1 = 1
        <if test="@com.jy.announcement.utils.MybatisUtils@isNotEmpty(id)">
        AND		id = #{id}
        </if>
        ORDER BY
        		modi_date
        DESC
    </select>
    
    <update id="updateHit">
    	UPDATE	contents
    	SET		
    			hit	=	hit+1
    	WHERE	
    			id = #{id}
    </update>
    
    <update id="updateContent">
    	UPDATE	contents
    	SET
    			cont_name = #{contName}
    		,	content = #{content}
    		,	modi_date = NOW() 
    	WHERE 	
    			id = #{id}	
    </update>
    
    <insert id="writeContent" parameterType="com.jy.announcement.domain.Contents">
    	INSERT 
    	INTO	contents
    		(	reg_date
    		,	modi_date
    		,	cont_name
    		,	writer
    		,	content
    		,	hit		)
    	VALUES
    		(	NOW()
    		,	NOW()
    		,	#{contName}
    		,	'admin'
    		,	#{content}
    		,	0  		)
    </insert>
    
    <delete id="deleteContent">
    	DELETE
    	FROM	contents
    	WHERE	
    			id = #{id}
    </delete>
    
    
</mapper>