<?xml version="1.0" encoding="UTF-8"?>
 
<decorators defaultdir="/WEB-INF/views">
    <!-- 이것(exclude태그 안에 있는)은 sitemesh를 사용하지 않을 패턴을 지정한다 -->
    <excludes>
         <pattern>*.action</pattern>     
    </excludes>
 
 
 <decorator name="layout1" title="RPS Service" page="layout/layout1.jsp">
        <pattern>home.do</pattern>
        <pattern>/</pattern>
  </decorator>
 
 
 
 
  <decorator name="header" page="/WEB-INF/views/sitemesh/header.jsp" />
  <!-- <decorator name="_sidebar" page="/decorators/sidebar.jsp"  /> -->
  
 
</decorators>