<?xml version="1.0" encoding="UTF-8"?>
 <sitemesh>
    <!--decorator 결정-->
     <property name="decorators-file" value="/WEB-INF/sitemesh/decorators.xml" /> <!-- 데코레이터 파일을 불러온다.  -->
     <excludes file="${decorators-file}" />
 
  <!--parser를 설정:해당 페이지의 content-type이 뭐라고 쓰여있는지에 따라
 데코레이터 결정 -->  
   <page-parsers>
         <parser content-type="text/html"
             class="com.opensymphony.module.sitemesh.parser.HTMLPageParser" />
         <parser content-type="text/html;charset=UTF-8"
             class="com.opensymphony.module.sitemesh.parser.HTMLPageParser" />
     </page-parsers>
 
    <decorator-mappers>
   <mapper class="com.opensymphony.module.sitemesh.mapper.PrintableDecoratorMapper">
    <param name="decorator" value="printable" />
    <param name="parameter.name" value="printable" />
    <param name="parameter.value" value="true" />
   </mapper>
 
  <mapper class="com.opensymphony.module.sitemesh.mapper.PageDecoratorMapper" >
    <param name="property" value="meta.decorator" />
   </mapper>
 
 <!-- mapper결정 : 설정파일 사용하여 decorator정하기-->  
 <mapper class="com.opensymphony.module.sitemesh.mapper.ConfigDecoratorMapper">
             <param name="config" value="${decorators-file}" />
         </mapper>
     </decorator-mappers>
 </sitemesh>